Repository's Location,Branch,File Formats,Ignore Glob List,Ignore standalone config,Ignore Commit List,Ignore Authors List,Shallow Cloning
https://github.com/jeffsieu/ip.git,master,,tutorials/**,,,
https://github.com/dannytayjy/ip.git,master,,tutorials/**,,,
https://github.com/frederickpek/ip.git,master,,tutorials/**,,,
https://github.com/jennibearduit/ip.git,master,,tutorials/**,,,
https://github.com/rickyaandrew/ip.git,master,,tutorials/**,,,
https://github.com/mokdarren/ip.git,master,,tutorials/**,,,
https://github.com/wangpeialex/ip.git,master,,tutorials/**,,,
https://github.com/SweetPotato0213/ip.git,master,,tutorials/**,,,
https://github.com/Harry-Gao-H/ip.git,master,,tutorials/**,,,
https://github.com/yongxiangng/ip.git,master,,tutorials/**,,,
https://github.com/ZhaoPeiduo/ip.git,master,,tutorials/**,,,
https://github.com/bernarduskrishna/ip.git,master,,tutorials/**,,,
https://github.com/chengseong/ip.git,master,,tutorials/**,,,
https://github.com/mingyi456/ip.git,master,,tutorials/**,,,
https://github.com/junghon3709/ip.git,master,,tutorials/**,,,
https://github.com/cookiedan42/ip.git,master,,tutorials/**,,,
https://github.com/whoisjustinngo/ip.git,master,,tutorials/**,,,
https://github.com/somekoreanboi/ip.git,master,,tutorials/**,,,
https://github.com/willpyt98/ip.git,master,,tutorials/**,,,
https://github.com/xnajasho/ip.git,master,,tutorials/**,,,
https://github.com/g4ryy/ip.git,master,,tutorials/**,,,
https://github.com/jiarong15/ip.git,master,,tutorials/**,,,
https://github.com/RachelCheah/ip.git,master,,tutorials/**,,,
https://github.com/random689/ip.git,master,,tutorials/**,,,
https://github.com/SajalVaishnav/ip.git,master,,tutorials/**,,,
https://github.com/HangZelin/ip.git,master,,tutorials/**,,,
https://github.com/TTraveller7/ip.git,master,,tutorials/**,,,
https://github.com/Kimowarui/ip.git,master,,tutorials/**,,,
https://github.com/JThh/ip.git,master,,tutorials/**,,,
https://github.com/Jiwei99/ip.git,master,,tutorials/**,,,
https://github.com/rehmmann/ip.git,master,,tutorials/**,,,
https://github.com/darren2pro/ip.git,master,,tutorials/**,,,
https://github.com/tanjoewel/ip.git,master,,tutorials/**,,,
https://github.com/erwinqxy/ip.git,master,,tutorials/**,,,
https://github.com/itsyme/ip.git,master,,tutorials/**,,,
https://github.com/joshenx/ip.git,master,,tutorials/**,,,
https://github.com/dhshah1/ip.git,master,,tutorials/**,,,
https://github.com/cliveong/ip.git,master,,tutorials/**,,,
https://github.com/AllardQuek/ip.git,master,,tutorials/**,,,
https://github.com/FergusMok/ip.git,master,,tutorials/**,,,
https://github.com/tzejit/ip.git,master,,tutorials/**,,,
https://github.com/wlren/ip.git,master,,tutorials/**,,,
https://github.com/luayida99/ip.git,master,,tutorials/**,,,
https://github.com/wei2912/ip.git,master,,tutorials/**,,,
https://github.com/weiquu/ip.git,master,,tutorials/**,,,
https://github.com/meerian/ip.git,master,,tutorials/**,,,
https://github.com/koh-jx/ip.git,master,,tutorials/**,,,
https://github.com/over-fitted/ip.git,master,,tutorials/**,,,
https://github.com/okyntary/ip.git,master,,tutorials/**,,,
https://github.com/bryanwee023/ip.git,master,,tutorials/**,,,
https://github.com/yatbun/ip.git,master,,tutorials/**,,,
https://github.com/BenjaminTan99/ip.git,master,,tutorials/**,,,
https://github.com/LMAOboxhack/ip.git,master,,tutorials/**,,,
https://github.com/justintanyf/ip.git,master,,tutorials/**,,,
https://github.com/chaiwanlin/ip.git,master,,tutorials/**,,,
https://github.com/gycgabriel/ip.git,master,,tutorials/**,,,
https://github.com/nujiak/ip.git,master,,tutorials/**,,,
https://github.com/zhuoyang125/ip.git,master,,tutorials/**,,,
https://github.com/charliemoweng/ip.git,master,,tutorials/**,,,
https://github.com/kslui99/ip.git,master,,tutorials/**,,,
https://github.com/Justinhoejj/ip.git,master,,tutorials/**,,,
https://github.com/sebbycake/ip.git,master,,tutorials/**,,,
https://github.com/WangGLJoseph/ip.git,master,,tutorials/**,,,
https://github.com/shermannws/ip.git,master,,tutorials/**,,,
https://github.com/didymental/ip.git,master,,tutorials/**,,,
https://github.com/yeppog/ip.git,master,,tutorials/**,,,
https://github.com/sherrpass/ip.git,master,,tutorials/**,,,
https://github.com/ooawagaeri/ip.git,master,,tutorials/**,,,
https://github.com/pss-coder/ip.git,master,,tutorials/**,,,
https://github.com/ryanongra/ip.git,master,,tutorials/**,,,
https://github.com/nzixuan/ip.git,master,,tutorials/**,,,
https://github.com/luffingluffy/ip.git,master,,tutorials/**,,,
https://github.com/IceWizard4902/ip.git,master,,tutorials/**,,,
https://github.com/uyencfi/ip.git,master,,tutorials/**,,,
https://github.com/rish-16/ip.git,master,,tutorials/**,,,
https://github.com/wanninglim/ip.git,master,,tutorials/**,,,
https://github.com/SpdPnd98/ip.git,master,,tutorials/**,,,
https://github.com/reddevil1313/ip.git,master,,tutorials/**,,,
https://github.com/felissaf/ip.git,master,,tutorials/**,,,
https://github.com/ailing35/ip.git,master,,tutorials/**,,,
https://github.com/jivesh/ip.git,master,,tutorials/**,,,
https://github.com/nniiggeell/ip.git,master,,tutorials/**,,,
https://github.com/weenleen/ip.git,master,,tutorials/**,,,
https://github.com/caipng/ip.git,master,,tutorials/**,,,
https://github.com/meixuanjin/ip.git,master,,tutorials/**,,,
https://github.com/marcusc55/ip.git,master,,tutorials/**,,,
https://github.com/RonaldTanSingWei/ip.git,master,,tutorials/**,,,
https://github.com/itsraveen/ip.git,master,,tutorials/**,,,
https://github.com/yucheng11122017/ip.git,master,,tutorials/**,,,
https://github.com/Chen-Yiyang/ip.git,master,,tutorials/**,,,
https://github.com/Ruofan1023/ip.git,master,,tutorials/**,,,
https://github.com/xlzior/ip.git,master,,tutorials/**,,,
https://github.com/ziqing26/ip.git,master,,tutorials/**,,,
https://github.com/leezhixuan/ip.git,master,,tutorials/**,,,
https://github.com/huyuxin0429/ip.git,master,,tutorials/**,,,
https://github.com/huisthat/ip.git,master,,tutorials/**,,,
https://github.com/jovyntls/ip.git,master,,tutorials/**,,,
https://github.com/GraceWang2322/ip.git,master,,tutorials/**,,,
https://github.com/lrnshk/ip.git,master,,tutorials/**,,,
https://github.com/Siddharth-Sid/ip.git,master,,tutorials/**,,,
https://github.com/szelongq/ip.git,master,,tutorials/**,,,
https://github.com/danielsimre/ip.git,master,,tutorials/**,,,
https://github.com/waynetee/ip.git,master,,tutorials/**,,,
https://github.com/jayasting98/ip.git,master,,tutorials/**,,,
https://github.com/JoelChanZhiYang/ip.git,master,,tutorials/**,,,
https://github.com/BenjaminLHR/ip.git,master,,tutorials/**,,,
https://github.com/yourally2/ip.git,master,,tutorials/**,,,
https://github.com/Haozeee/ip.git,master,,tutorials/**,,,
https://github.com/clyveycui/ip.git,master,,tutorials/**,,,
https://github.com/GnohChengYi/ip.git,master,,tutorials/**,,,
https://github.com/lwlshawn/ip.git,master,,tutorials/**,,,
https://github.com/amzhy/ip.git,master,,tutorials/**,,,
https://github.com/lizchow/ip.git,master,,tutorials/**,,,
https://github.com/trxe/ip.git,master,,tutorials/**,,,
https://github.com/ErnestCuong/ip.git,master,,tutorials/**,,,
https://github.com/simonjulianl/ip.git,master,,tutorials/**,,,
https://github.com/sheehui/ip.git,master,,tutorials/**,,,
https://github.com/dannylty/ip.git,master,,tutorials/**,,,
https://github.com/bklimey/ip.git,master,,tutorials/**,,,
https://github.com/muhammad-khair/ip.git,master,,tutorials/**,,,
https://github.com/luluyousef/ip.git,master,,tutorials/**,,,
https://github.com/rehad-a/ip.git,master,,tutorials/**,,,
https://github.com/yuifuku1118/ip.git,master,,tutorials/**,,,
https://github.com/chingh20/ip.git,master,,tutorials/**,,,
https://github.com/kawaiigabrielneko/ip.git,master,,tutorials/**,,,
https://github.com/scsminn/ip.git,master,,tutorials/**,,,
https://github.com/Morrow1ndy/ip.git,master,,tutorials/**,,,
https://github.com/limzk126/ip.git,master,,tutorials/**,,,
https://github.com/NaokiShum/ip.git,master,,tutorials/**,,,
https://github.com/zzybluebell/ip.git,master,,tutorials/**,,,
https://github.com/Leofeng10/ip.git,master,,tutorials/**,,,
https://github.com/WuaaAj/ip.git,master,,tutorials/**,,,
https://github.com/LuoZhijie-tom/ip.git,master,,tutorials/**,,,
https://github.com/Li-Lehao/ip.git,master,,tutorials/**,,,
https://github.com/wengYing227/ip.git,master,,tutorials/**,,,
https://github.com/IrvingHe000/ip.git,master,,tutorials/**,,,
https://github.com/fans2619/ip.git,master,,tutorials/**,,,
https://github.com/Dr-Octavius/ip.git,master,,tutorials/**,,,
https://github.com/kaushikkrdy/ip.git,master,,tutorials/**,,,
https://github.com/stanley-1/ip.git,master,,tutorials/**,,,
https://github.com/rohit0718/ip.git,master,,tutorials/**,,,
https://github.com/Tetrerox/ip.git,master,,tutorials/**,,,
https://github.com/sunjc826/ip.git,master,,tutorials/**,,,
https://github.com/Timothyoung97/ip.git,master,,tutorials/**,,,
https://github.com/chrus-chong/ip.git,master,,tutorials/**,,,
https://github.com/bingcheng45/ip.git,master,,tutorials/**,,,
https://github.com/darrenhoon/ip.git,master,,tutorials/**,,,
https://github.com/kheekheekhee/ip.git,master,,tutorials/**,,,
https://github.com/benluiwj/ip.git,master,,tutorials/**,,,
https://github.com/marcuspeh/ip.git,master,,tutorials/**,,,
https://github.com/CheongYeeMing/ip.git,master,,tutorials/**,,,
https://github.com/squeakysquak/ip.git,master,,tutorials/**,,,
https://github.com/tanruiquan/ip.git,master,,tutorials/**,,,
https://github.com/bentanjunrong/ip.git,master,,tutorials/**,,,
https://github.com/ramapriyan912001/ip.git,master,,tutorials/**,,,
https://github.com/moreTriangles/ip.git,master,,tutorials/**,,,
https://github.com/EssWhyy/ip.git,master,,tutorials/**,,,
https://github.com/mrmrinal/ip.git,master,,tutorials/**,,,
https://github.com/cedricongjh/ip.git,master,,tutorials/**,,,
https://github.com/wz27/ip.git,master,,tutorials/**,,,
https://github.com/lwj1711/ip.git,master,,tutorials/**,,,
https://github.com/e0543403/ip.git,master,,tutorials/**,,,
https://github.com/SKCheongBrian/ip.git,master,,tutorials/**,,,
https://github.com/jackgugz/ip.git,master,,tutorials/**,,,
https://github.com/sivayogasubramanian/ip.git,master,,tutorials/**,,,
https://github.com/joenzkimchan/ip.git,master,,tutorials/**,,,
https://github.com/felix-ong/ip.git,master,,tutorials/**,,,
https://github.com/sj1999-BIT/ip.git,master,,tutorials/**,,,
https://github.com/jiayi1129/ip.git,master,,tutorials/**,,,
https://github.com/JunWei3112/ip.git,master,,tutorials/**,,,
https://github.com/lowkangn/ip.git,master,,tutorials/**,,,
https://github.com/dt-td/ip.git,master,,tutorials/**,,,
https://github.com/Th-429B/ip.git,master,,tutorials/**,,,
https://github.com/jason-ng-zq99/ip.git,master,,tutorials/**,,,
https://github.com/NayLin-H99/ip.git,master,,tutorials/**,,,
https://github.com/Chang-CH/ip.git,master,,tutorials/**,,,
https://github.com/ngsengleng/ip.git,master,,tutorials/**,,,
https://github.com/nguyiyang/ip.git,master,,tutorials/**,,,
https://github.com/auhc99/ip.git,master,,tutorials/**,,,
https://github.com/EltonGohJH/ip.git,master,,tutorials/**,,,
https://github.com/elroygohjy/ip.git,master,,tutorials/**,,,
https://github.com/benedictchuajj/ip.git,master,,tutorials/**,,,
https://github.com/beefham/ip.git,master,,tutorials/**,,,
https://github.com/tanhuakun/ip.git,master,,tutorials/**,,,
https://github.com/Yttruire/ip.git,master,,tutorials/**,,,
https://github.com/cyyeu/ip.git,master,,tutorials/**,,,
https://github.com/qreoct/ip.git,master,,tutorials/**,,,
https://github.com/wanyu-l/ip.git,master,,tutorials/**,,,
https://github.com/TaoJun99/ip.git,master,,tutorials/**,,,
https://github.com/s7u4rt99/ip.git,master,,tutorials/**,,,
https://github.com/Cyn7hius/ip.git,master,,tutorials/**,,,
https://github.com/KengXIII/ip.git,master,,tutorials/**,,,
https://github.com/chunweii/ip.git,master,,tutorials/**,,,
https://github.com/knotstoks/ip.git,master,,tutorials/**,,,
https://github.com/wyrchris/ip.git,master,,tutorials/**,,,
https://github.com/kflim/ip.git,master,,tutorials/**,,,
https://github.com/KT27Learn/ip.git,master,,tutorials/**,,,
https://github.com/rootkie/ip.git,master,,tutorials/**,,,
https://github.com/pattan9955/ip.git,master,,tutorials/**,,,
https://github.com/zihaooo9/ip.git,master,,tutorials/**,,,
https://github.com/seaweediman/ip.git,master,,tutorials/**,,,
https://github.com/yeo-yiheng/ip.git,master,,tutorials/**,,,
https://github.com/chetwinlow/ip.git,master,,tutorials/**,,,
https://github.com/yyhangz/ip.git,master,,tutorials/**,,,
https://github.com/jianh0ng/ip.git,master,,tutorials/**,,,
https://github.com/marcuschj/ip.git,master,,tutorials/**,,,
https://github.com/timiditi/ip.git,master,,tutorials/**,,,
https://github.com/Anonymxtrix/ip.git,master,,tutorials/**,,,
https://github.com/kwokieee/ip.git,master,,tutorials/**,,,
https://github.com/leonghongfai/ip.git,master,,tutorials/**,,,
https://github.com/syoopie/ip.git,master,,tutorials/**,,,
https://github.com/boonhaii/ip.git,master,,tutorials/**,,,
https://github.com/tenebrius1/ip.git,master,,tutorials/**,,,
https://github.com/Moley456/ip.git,master,,tutorials/**,,,
https://github.com/BryannYeap/ip.git,master,,tutorials/**,,,
https://github.com/chongjunwei/ip.git,master,,tutorials/**,,,
https://github.com/twothicc/ip.git,master,,tutorials/**,,,
https://github.com/Manoharan-Ajay-Anand/ip.git,master,,tutorials/**,,,
https://github.com/xiangjunn/ip.git,master,,tutorials/**,,,
https://github.com/Javiier-pzk/ip.git,master,,tutorials/**,,,
https://github.com/thanwinnikki/ip.git,master,,tutorials/**,,,
https://github.com/Chesterwongz/ip.git,master,,tutorials/**,,,
https://github.com/Py0000/ip.git,master,,tutorials/**,,,
https://github.com/LZher385/ip.git,master,,tutorials/**,,,
https://github.com/ambroseboo/ip.git,master,,tutorials/**,,,
https://github.com/CheahYan/ip.git,master,,tutorials/**,,,
https://github.com/david-eom/ip.git,master,,tutorials/**,,,
https://github.com/wilburrito/ip.git,master,,tutorials/**,,,
https://github.com/Kangxun/ip.git,master,,tutorials/**,,,
https://github.com/eugenecsa/ip.git,master,,tutorials/**,,,
https://github.com/fullfatwasabi/ip.git,master,,tutorials/**,,,
https://github.com/hpkoh/ip.git,master,,tutorials/**,,,
https://github.com/aikenwx/ip.git,master,,tutorials/**,,,
https://github.com/zhangchengchuan/ip.git,master,,tutorials/**,,,
https://github.com/ryantianj/ip.git,master,,tutorials/**,,,
https://github.com/CSYGalvin/ip.git,master,,tutorials/**,,,
https://github.com/Yukun99/ip.git,master,,tutorials/**,,,
https://github.com/BananaTechs/ip.git,master,,tutorials/**,,,
https://github.com/e0543860/ip.git,master,,tutorials/**,,,
https://github.com/Imerbear/ip.git,master,,tutorials/**,,,
https://github.com/asherhy/ip.git,master,,tutorials/**,,,
https://github.com/weichang18/ip.git,master,,tutorials/**,,,
https://github.com/yzhilong/ip.git,master,,tutorials/**,,,
https://github.com/jeromewjj/ip.git,master,,tutorials/**,,,
https://github.com/1waykiat/ip.git,master,,tutorials/**,,,
https://github.com/adam-ky/ip.git,master,,tutorials/**,,,
https://github.com/ykwei7/ip.git,master,,tutorials/**,,,
https://github.com/xianlinc/ip.git,master,,tutorials/**,,,
https://github.com/ganhongyao/ip.git,master,,tutorials/**,,,
https://github.com/kevin9foong/ip.git,master,,tutorials/**,,,
https://github.com/junwei26/ip.git,master,,tutorials/**,,,
https://github.com/mslevis/ip.git,master,,tutorials/**,,,
https://github.com/MarcusTXK/ip.git,master,,tutorials/**,,,
https://github.com/michael-lee-sk/ip.git,master,,tutorials/**,,,
https://github.com/e0543978/ip.git,master,,tutorials/**,,,
https://github.com/tanjiaxian99/ip.git,master,,tutorials/**,,,
https://github.com/Zacchua/ip.git,master,,tutorials/**,,,
https://github.com/bnjmnt4n/ip.git,master,,tutorials/**,,,
https://github.com/yulonglim/ip.git,master,,tutorials/**,,,
https://github.com/Gabau/ip.git,master,,tutorials/**,,,
https://github.com/Droffilc13/ip.git,master,,tutorials/**,,,
https://github.com/cheweejia/ip.git,master,,tutorials/**,,,
https://github.com/Domszy/ip.git,master,,tutorials/**,,,
https://github.com/hernpiblo/ip.git,master,,tutorials/**,,,
https://github.com/yunpeng1234/ip.git,master,,tutorials/**,,,
https://github.com/CrownKira/ip.git,master,,tutorials/**,,,
https://github.com/wowsiddanth/ip.git,master,,tutorials/**,,,
https://github.com/El0hime/ip.git,master,,tutorials/**,,,
https://github.com/noobmaster19/ip.git,master,,tutorials/**,,,
https://github.com/NecroWolf28/ip.git,master,,tutorials/**,,,
https://github.com/muhammad-faruq/ip.git,master,,tutorials/**,,,
https://github.com/XXJJXJ/ip.git,master,,tutorials/**,,,
https://github.com/markuslim24/ip.git,master,,tutorials/**,,,
https://github.com/tau-bar/ip.git,master,,tutorials/**,,,
https://github.com/James-Kua/ip.git,master,,tutorials/**,,,
https://github.com/rldefa/ip.git,master,,tutorials/**,,,
https://github.com/Bluntsord/ip.git,master,,tutorials/**,,,
https://github.com/jonas-chow/ip.git,master,,tutorials/**,,,
https://github.com/rgbpokka/ip.git,master,,tutorials/**,,,
https://github.com/Joel-Sung/ip.git,master,,tutorials/**,,,
https://github.com/clementkfj/ip.git,master,,tutorials/**,,,
https://github.com/botr99/ip.git,master,,tutorials/**,,,
https://github.com/charltonator/ip.git,master,,tutorials/**,,,
https://github.com/GWphua/ip.git,master,,tutorials/**,,,
https://github.com/trash-bin99/ip.git,master,,tutorials/**,,,
https://github.com/ntwbruce/ip.git,master,,tutorials/**,,,
https://github.com/TLChicken/ip.git,master,,tutorials/**,,,
https://github.com/KelvinSoo/ip.git,master,,tutorials/**,,,
https://github.com/Jacobnbh/ip.git,master,,tutorials/**,,,
https://github.com/Jeromesyl/ip.git,master,,tutorials/**,,,
https://github.com/idgrr/ip.git,master,,tutorials/**,,,
https://github.com/Imranr2/ip.git,master,,tutorials/**,,,
https://github.com/juliussneezer04/ip.git,master,,tutorials/**,,,
https://github.com/KishendranVendarKon/ip.git,master,,tutorials/**,,,
https://github.com/mukundrs/ip.git,master,,tutorials/**,,,
https://github.com/Samuel-bit-prog/ip.git,master,,tutorials/**,,,
https://github.com/ChuangZheQuan/ip.git,master,,tutorials/**,,,
https://github.com/NicolasCwy/ip.git,master,,tutorials/**,,,
https://github.com/lhw-1/ip.git,master,,tutorials/**,,,
https://github.com/calvintanwj/ip.git,master,,tutorials/**,,,
https://github.com/luminousleek/ip.git,master,,tutorials/**,,,
https://github.com/gok99/ip.git,master,,tutorials/**,,,
https://github.com/leeroy999/ip.git,master,,tutorials/**,,,
https://github.com/softmagnet/ip.git,master,,tutorials/**,,,
https://github.com/bernardwan/ip.git,master,,tutorials/**,,,
https://github.com/samyipsh/ip.git,master,,tutorials/**,,,
https://github.com/SkyBlaise99/ip.git,master,,tutorials/**,,,
https://github.com/tchiong/ip.git,master,,tutorials/**,,,
https://github.com/Zenlzb/ip.git,master,,tutorials/**,,,
https://github.com/hanif-kamal/ip.git,master,,tutorials/**,,,
https://github.com/jyrw/ip.git,master,,tutorials/**,,,
https://github.com/atyhamos/ip.git,master,,tutorials/**,,,
https://github.com/nhjryan/ip.git,master,,tutorials/**,,,
https://github.com/bharathcs/ip.git,master,,tutorials/**,,,
https://github.com/zhenghanlee/ip.git,master,,tutorials/**,,,
https://github.com/Zhou-Jiahao-1998/ip.git,master,,tutorials/**,,,
https://github.com/aryagiat/ip.git,master,,tutorials/**,,,
https://github.com/nwhloo99/ip.git,master,,tutorials/**,,,
https://github.com/GabrielWLM/ip.git,master,,tutorials/**,,,
https://github.com/ryanpeh/ip.git,master,,tutorials/**,,,
https://github.com/NUSmhk/ip.git,master,,tutorials/**,,,
https://github.com/qinguorui2001/ip.git,master,,tutorials/**,,,
https://github.com/NekrozQliphort/ip.git,master,,tutorials/**,,,
https://github.com/pualixue/ip.git,master,,tutorials/**,,,
https://github.com/pbthang/ip.git,master,,tutorials/**,,,
https://github.com/xyliew25/ip.git,master,,tutorials/**,,,
https://github.com/hungkhoaitay/ip.git,master,,tutorials/**,,,
https://github.com/nbvannhi/ip.git,master,,tutorials/**,,,
https://github.com/kevinmingtarja/ip.git,master,,tutorials/**,,,
https://github.com/LeopardMerkava/ip.git,master,,tutorials/**,,,
https://github.com/radiankrisno/ip.git,master,,tutorials/**,,,
https://github.com/CommanderW324/ip.git,master,,tutorials/**,,,
https://github.com/JasonC01/ip.git,master,,tutorials/**,,,
https://github.com/huizhuansam/ip.git,master,,tutorials/**,,,
https://github.com/EthanWong6362/ip.git,master,,tutorials/**,,,
https://github.com/HalphasX/ip.git,master,,tutorials/**,,,
https://github.com/ngchisern/ip.git,master,,tutorials/**,,,
https://github.com/tsm1820/ip.git,master,,tutorials/**,,,
https://github.com/VimuthM/ip.git,master,,tutorials/**,,,
https://github.com/gordonlzy/ip.git,master,,tutorials/**,,,
https://github.com/HongshuW/ip.git,master,,tutorials/**,,,
https://github.com/DesmondTo/ip.git,master,,tutorials/**,,,
https://github.com/eltonyeh/ip.git,master,,tutorials/**,,,
https://github.com/SHEZADHASSAN22/ip.git,master,,tutorials/**,,,
https://github.com/willyamped/ip.git,master,,tutorials/**,,,
https://github.com/itzblim/ip.git,master,,tutorials/**,,,
https://github.com/hmanhduc2k/ip.git,master,,tutorials/**,,,
https://github.com/feliciaivane/ip.git,master,,tutorials/**,,,
https://github.com/rushilramesh/ip.git,master,,tutorials/**,,,
https://github.com/vigneshsankariyer1234567890/ip.git,master,,tutorials/**,,,
https://github.com/Linda124/ip.git,master,,tutorials/**,,,
https://github.com/Zhouyirui/ip.git,master,,tutorials/**,,,
https://github.com/phuccuongngo99/ip.git,master,,tutorials/**,,,
https://github.com/Wilfredwongkc/ip.git,master,,tutorials/**,,,
https://github.com/YoYoCiti/ip.git,master,,tutorials/**,,,
https://github.com/HolmesJJ/ip.git,master,,tutorials/**,,,
https://github.com/kanjitp/ip.git,master,,tutorials/**,,,
https://github.com/ramaven/ip.git,master,,tutorials/**,,,
https://github.com/alinaleehx/ip.git,master,,tutorials/**,,,
https://github.com/stephanie-csy/ip.git,master,,tutorials/**,,,
https://github.com/Linxcathyyy/ip.git,master,,tutorials/**,,,
https://github.com/YaleChen299/ip.git,master,,tutorials/**,,,
https://github.com/Amadeus-Winarto/ip.git,master,,tutorials/**,,,
https://github.com/Xiaoyunnn/ip.git,master,,tutorials/**,,,
https://github.com/JeffZincatz/ip.git,master,,tutorials/**,,,
https://github.com/neojxuan/ip.git,master,,tutorials/**,,,
https://github.com/LiuZhi1an/ip.git,master,,tutorials/**,,,
https://github.com/eeliana/ip.git,master,,tutorials/**,,,
https://github.com/wpinrui/ip.git,master,,tutorials/**,,,
https://github.com/ruthpohrp/ip.git,master,,tutorials/**,,,
https://github.com/nicole-luo-exe/ip.git,master,,tutorials/**,,,
https://github.com/angkoonhwee/ip.git,master,,tutorials/**,,,
https://github.com/zognin/ip.git,master,,tutorials/**,,,
https://github.com/rebeccacxy/ip.git,master,,tutorials/**,,,
https://github.com/zhing22/ip.git,master,,tutorials/**,,,
https://github.com/ruoyann/ip.git,master,,tutorials/**,,,
https://github.com/driip-ddrop/ip.git,master,,tutorials/**,,,
https://github.com/hsiaotingluv/ip.git,master,,tutorials/**,,,
https://github.com/janjanchen/ip.git,master,,tutorials/**,,,
https://github.com/jodichoo/ip.git,master,,tutorials/**,,,
https://github.com/JosephN37/ip.git,master,,tutorials/**,,,
https://github.com/greyguy21/ip.git,master,,tutorials/**,,,
https://github.com/Ongzl/ip.git,master,,tutorials/**,,,
https://github.com/Jingwencloud/ip.git,master,,tutorials/**,,,
https://github.com/timothywongej/ip.git,master,,tutorials/**,,,
https://github.com/peilinye/ip.git,master,,tutorials/**,,,
https://github.com/lingshanng/ip.git,master,,tutorials/**,,,
https://github.com/jeremy-7007/ip.git,master,,tutorials/**,,,
https://github.com/lethiciars/ip.git,master,,tutorials/**,,,
https://github.com/alyssa-savier/ip.git,master,,tutorials/**,,,
https://github.com/zhenxuantan/ip.git,master,,tutorials/**,,,
https://github.com/kdeasymoneysniper/ip.git,master,,tutorials/**,,,
https://github.com/chowRuiYan/ip.git,master,,tutorials/**,,,
https://github.com/zacharylwy/ip.git,master,,tutorials/**,,,
https://github.com/ngjiayuan/ip.git,master,,tutorials/**,,,
https://github.com/jaredlhf/ip.git,master,,tutorials/**,,,
https://github.com/Superbestron/ip.git,master,,tutorials/**,,,
https://github.com/choonyongchan/ip.git,master,,tutorials/**,,,
https://github.com/luodan01/ip.git,master,,tutorials/**,,,
https://github.com/chownces/ip.git,master,,tutorials/**,,,
https://github.com/tianyue58/ip.git,master,,tutorials/**,,,
https://github.com/tsinyee/ip.git,master,,tutorials/**,,,
https://github.com/JinxinZhao315/ip.git,master,,tutorials/**,,,
https://github.com/nataniayp/ip.git,master,,tutorials/**,,,
https://github.com/DonnyS57/ip.git,master,,tutorials/**,,,
https://github.com/rebeccalaujx/ip.git,master,,tutorials/**,,,
https://github.com/kvihashini/ip.git,master,,tutorials/**,,,
https://github.com/Pulpy-y/ip.git,master,,tutorials/**,,,
https://github.com/skythefire/ip.git,master,,tutorials/**,,,
https://github.com/Shruthi0310/ip.git,master,,tutorials/**,,,
https://github.com/Neha-5678/ip.git,master,,tutorials/**,,,
https://github.com/alissayarmantho/ip.git,master,,tutorials/**,,,
https://github.com/Preshita01/ip.git,master,,tutorials/**,,,
https://github.com/sueann-chua/ip.git,master,,tutorials/**,,,
https://github.com/limdanqi/ip.git,master,,tutorials/**,,,
https://github.com/xiongjya/ip.git,master,,tutorials/**,,,
https://github.com/TohWeiJie01/ip.git,master,,tutorials/**,,,
https://github.com/EuniceSim142/ip.git,master,,tutorials/**,,,
https://github.com/wonyeji/ip.git,master,,tutorials/**,,,
https://github.com/pcgiang/ip.git,master,,tutorials/**,,,
https://github.com/jianoway/ip.git,master,,tutorials/**,,,
https://github.com/eezj35/ip.git,master,,tutorials/**,,,
https://github.com/NoraYUuu/ip.git,master,,tutorials/**,,,
https://github.com/davelowqx/ip.git,master,,tutorials/**,,,
https://github.com/jhlee1997/ip.git,master,,tutorials/**,,,
https://github.com/kleonang/ip.git,master,,tutorials/**,,,
https://github.com/Gordon25/ip.git,master,,tutorials/**,,,
https://github.com/angnobel/ip.git,master,,tutorials/**,,,
https://github.com/kaldius/ip.git,master,,tutorials/**,,,
https://github.com/DystoriaX/ip.git,master,,tutorials/**,,,
https://github.com/tsy24/ip.git,master,,tutorials/**,,,
https://github.com/mweeruien/ip.git,master,,tutorials/**,,,
https://github.com/tanqiya/ip.git,master,,tutorials/**,,,
https://github.com/Lemonsr/ip.git,master,,tutorials/**,,,
https://github.com/kaixin-hc/ip.git,master,,tutorials/**,,,
https://github.com/czhi-bin/ip.git,master,,tutorials/**,,,
https://github.com/guangxuan/ip.git,master,,tutorials/**,,,
https://github.com/tsiyuk/ip.git,master,,tutorials/**,,,
https://github.com/crypto-code/ip.git,master,,tutorials/**,,,
https://github.com/CraveToCode/ip.git,master,,tutorials/**,,,
https://github.com/YeluriKetan/ip.git,master,,tutorials/**,,,
https://github.com/houtenteo/ip.git,master,,tutorials/**,,,
https://github.com/MGRL2201/ip.git,master,,tutorials/**,,,
https://github.com/Tanishq4331/ip.git,master,,tutorials/**,,,
https://github.com/Shivlock221b/ip.git,master,,tutorials/**,,,
https://github.com/Tianqi-Zhu/ip.git,master,,tutorials/**,,,
https://github.com/aishh12/ip.git,master,,tutorials/**,,,
https://github.com/Agentum07/ip.git,master,,tutorials/**,,,
https://github.com/srj31/ip.git,master,,tutorials/**,,,
https://github.com/Jai2501/ip.git,master,,tutorials/**,,,
https://github.com/nicolej2122/ip.git,master,,tutorials/**,,,
https://github.com/naranghardik16/ip.git,master,,tutorials/**,,,
https://github.com/Banana3021/ip.git,master,,tutorials/**,,,
https://github.com/aakanshanarain/ip.git,master,,tutorials/**,,,
https://github.com/shaliniseshadri/ip.git,master,,tutorials/**,,,
https://github.com/loose-bus-change/ip.git,master,,tutorials/**,,,
https://github.com/yin72257/ip.git,master,,tutorials/**,,,
https://github.com/pranav-ganesh/ip.git,master,,tutorials/**,,,
https://github.com/Nature711/ip.git,master,,tutorials/**,,,
